{"cameraMode":{"drawMode":0,"name":"Shaded","section":"Shading Mode"},"sceneLighting":true,"audioPlay":false,"sceneViewState":{"showFog":true,"showMaterialUpdate":true,"showSkybox":true,"showFlares":true,"showImageEffects":true,"showParticleSystems":true},"in2DMode":false,"pivot":{"x":12.79878044128418,"y":7.369050979614258,"z":8.067538261413575},"rotation":{"x":0.24436651170253755,"y":0.3043317198753357,"z":-0.08109039068222046,"w":0.9171143770217896},"size":5.4101715087890629,"orthographic":false}